1,-97
2,-90.5
3,-88
4,22.5
5,-67.5
6,-21.5
7,-6
8,-65
9,-86
10,-87
11,-86.5
12,-87
13,-98.5
14,-76
15,-50
16,-51
17,-96.5
18,-97
19,-93.5
20,183.8
21,-37.3
22,-39.5
23,-44.5
24,-66
25,-76.5
26,-92
27,-92
28,-96.5
29,-97
30,-93.5
31,-81.5
32,-65.5
33,-92
34,-86.5
35,-78.2
36,-87
37,-65.5
38,-66.5
39,-100
40,-92
41,-100
42,-94
43,-80
44,-76.7
45,-66.5
46,-42.6
47,-80
48,-33
49,-58.8
50,-58.5
51,-100
52,-89.7
53,-92
54,-81.4
55,-47.5
56,-59.5
57,-97
58,-69
59,-73
60,-73.6
61,-68.5
62,-57
63,-95
64,-84
65,-81.5
66,-98.5
67,-97
68,-91
69,-14.3
70,-26.9
71,-64.9
72,-95.5
73,-97
74,-91.5
75,-79.5
76,-61
77,-86.5
78,-61
79,-83.5
80,-90.5
81,-81
82,-88.7
83,-47.8
84,-45
85,-80.7
86,-79.9
87,-66.7
88,-42.4
89,-97
90,-65.1
91,-35.4
92,-41.9
93,-98.5
94,-100
95,-98.5
96,-97
97,-98.5
98,-91
99,-94.5
100,-98.5
101,-100
102,-83.3
103,-84.5
104,-83
105,-90.5
106,-94
107,-86
108,-42.5
109,-81
110,-58.5
111,-79.5
112,-86.5
113,-95.5
114,-100
115,-90.5
116,-6.1
117,-29
118,-19
119,-80
120,-62
121,-57.5
122,-49.2
123,-29.8
124,-51.5
125,-38.1
126,-43.9
127,-75
128,-92.5
129,-38.9
130,-41.7
131,-33.5
132,-73.2
133,-82.5
134,-95
135,-100
136,-87.5
137,-87
138,-48.5
139,-60.5
140,-74.5
141,-83.5
142,-80.2
143,-75.5
144,-68.7
145,-96.5
146,-97
147,-95
148,-98.5
149,-95
150,-83.5
151,-79.4
152,-84.5
153,-85
154,-93.5
155,-69
156,-100
157,-39.8
158,-55.2
159,-87.5
160,-74.2
161,-86
162,-78.7
163,-80.3
164,-68
165,-88
166,-62
167,-92.5
168,-79.5
169,-77.5
170,-54.4
171,-100
172,-97
173,-98.5
174,-95
175,-59.5
176,-95.5
177,-95
178,-56.4
179,-29.1
180,-78.5
181,-98.5
182,-93.5
183,-98.5
184,-63
185,-56.5
186,-70.4
187,-50.2
188,-89.5
189,-73.8
190,-68
191,-71.9
192,-88.5
193,-93.5
194,-87
195,-85.5
196,-54.7
197,-30.3
198,-76
199,-56.6
200,-60.7
201,-89.5
202,-81.2
203,-92.5
204,-83
205,-88.5
206,-93.5
207,-100
208,-96.5
209,-97
210,-79.5
211,-37.8
212,-38.5
213,-42.6
214,-20.1
215,-71.7
216,-61
217,-64.5
218,-95
219,-90.5
220,-44
221,-75
222,-96.5
223,-90.5
224,-89.5
225,-89
226,-65.7
227,-71
228,-92
229,-49.6
230,-58
231,-75
232,-75
233,-79
234,-65
235,-76.5
236,-95.5
237,-71
238,-0.6
239,-36
240,-75
241,-97
242,-32.7
243,-89
244,-94
245,-94
246,-89
247,-97.5
248,-100
249,-82
250,-94.5
251,-79
252,46.1
253,-95.5
254,-87
255,-98.5
256,-100
257,-97
258,-95.5
259,-94
260,-98.5
261,-93
262,-95
263,-91.5
264,-100
265,-92
266,-89.5
267,-100
268,-87
269,-100
270,-91.5
271,-87.4
272,-93
273,-100
274,-77.4
275,-58
276,-77
277,-54.7
278,-70.5
279,-42.6
280,-89.4
281,-84
282,-88.5
283,-81.5
284,-81
285,-73
286,-66.9
287,-53
288,-67.5
289,-65
290,-73.5
291,-90
292,-91
293,-92
294,-82
295,-82
296,-100
297,-20.1
298,-72.5
299,-64
300,37
301,-82.5
302,-47
303,-48.5
304,-43.9
305,-93
306,-66.1
307,-77
308,-85.7
309,-89.1
310,-98.5
311,-100
312,-69.7
313,-71
314,-35
315,-98.5
316,-97
317,-82.5
318,-65.3
319,-91.5
320,-87.1
321,-27.9
322,63.59
323,-89
324,-83.5
325,-72.8
326,-93.5
327,-95
328,-95.5
329,-83.5
330,-87
331,-69
332,-70
333,-88.5
334,-86.5
335,-87
336,-93
337,-29.7
338,-26.5
339,-57
340,-42.4
341,-63
342,-86
343,-20.6
344,-75
345,-45.9
346,-84.5
347,-74.5
348,-93.5
349,-73
350,-91
351,-92
352,-80
353,-98.5
354,-96.5
355,-49.5
356,-57
357,-100
358,-89.5
359,-93.5
360,-18.4
361,-98.5
362,-93.5
363,-61
364,-86.5
365,-85.5
366,-55.4
367,-64.5
368,-81
369,-45.2
370,-98.5
371,-61
372,-81
373,-79
374,-78
375,-89.5
376,-78
377,-98.5
378,-95.5
379,-50
380,-73.5
381,-70.2
382,-60.4
383,-85.5
384,-97
385,-81
386,-90
387,-88
388,-53.5
389,-55
390,-13.2
391,-88.5
392,-66.9
393,-54
394,-49
395,-55
396,-100
397,-92.5
398,-14.9
399,20
400,-65.5
401,-97
402,-73.5
403,-85
404,-78
405,-92.5
406,-10.5
407,-54.9
408,-66.9
409,-100
410,-100
411,-87.5
412,-86.7
413,-94
414,-96
415,-89.5
416,-71
417,-95.5
418,-98.5
419,-88.5
420,-87
421,-27.5
422,-48
423,-39.1
424,-95.5
425,-86
426,-100
427,-86.6
428,-97
429,-98.5
430,-18
431,0
432,0
433,5.5
434,-72
435,-79.5
436,-72
437,-100
438,-23.7
439,-66
440,-39.8
441,-71.5
442,-81.6
443,-77
444,-56.9
445,-40
446,-66
447,-92
448,-50.9
449,-77.9
450,-96.5
451,-93.5
452,-69.5
453,-15.5
454,-66
455,-98.5
456,-100
457,-98.5
458,-51.1
459,-89
460,-83.5
461,-84
462,-53.7
463,-86
464,-61.5
465,-59.8
466,-87.5
467,-84.5
468,-48.5
469,-46.2
470,-58.3
471,-44
472,-78
473,-82.7
474,-88
475,-96
476,-80.2
477,-45.4
478,-79.5
479,-76
480,-92.2
481,-28.5
482,0
483,0
484,0
485,0
486,0
487,0
488,0
489,0
490,-75.5
491,-77.4
492,-87.5
493,-78
494,-92
495,-88.5
496,-92
497,-98.5
498,-70.5
499,-66
500,-65.3
501,-91
502,-89
503,-100
504,-86.7
505,-100
506,-80.5
507,-79.5
508,-95.5
509,-97
510,-86
511,-61
512,-86.5
513,-72.6
514,-60.4
515,-97
516,-89
517,-84
518,-83
519,-65.1
520,-18.7
521,-57
522,-93.5
523,-98.5
524,-100
525,-95
526,-93.5
527,-98.5
528,-85.5
529,-100
530,-100
531,-95.5
532,-74.5
533,-16.2
534,-70
535,-65.5
536,-23.5
537,-76
538,-79
539,-70
540,-80
541,-65.5
542,-100
543,-100
544,-98.5
545,-60.9
546,-62
547,-43
548,-4.3
549,-61.5
550,-91
551,-70
552,-70.5
553,-94
554,-75.5
555,-78.5
556,-43.6
557,-98.5
558,-86.2
559,-82
560,-57.4
561,-42.2
562,-45.3
563,-89
564,-67
565,-66.5
566,-86
567,-51.5
568,-87.5
569,-33.6
570,-84
571,-64
572,-78
573,-95
574,-81.5
575,-95.5
576,-56.7
577,-64.5
578,-78
579,-35.6
580,-88
581,-83
582,-95.5
583,3
584,-51.9
585,-68.5
586,-92.5
587,-100
588,-100
589,-89.5
590,-95
591,-92
592,-89
593,-97
594,-91
595,-73
596,-86.5
597,-66.5
598,-81.5
599,-73.7
600,-83
601,-86.7
602,-22.5
603,-47.2
604,-78.5
605,-76
606,-86
607,-86.5
608,-88
609,-82.5
610,-88
611,-85
612,-66
613,-86
614,-73
615,-68.5
616,-77.5
617,-10.9
618,-79
619,-82.5
620,54
621,-3.3
622,-30.1
623,-73
624,-97
625,-93.5
626,-97
627,-78.5
628,-93.5
629,-92
630,-84
631,-100
632,-93.5
633,-100
634,-95.5
635,-21.3
636,-5.3
637,-34.5
638,8
639,-3.3
640,-96.5
641,-65.5
642,-75
643,-83
644,-95
645,-85.5
646,-96
647,-100
648,-100
649,-79.4
650,-60.1
651,-30.2
652,-50.5
653,-55
654,-36.5
655,-25.3
656,-53.5
657,-61.4
658,-80.5
659,-85.5
660,-54.5
661,-54
662,-80.5
663,-71.7
664,-62
665,-86.5
666,-38.5
667,-59
668,-89
669,-70
670,-97
671,-66.5
672,-88
673,-95.5
674,-64.9
675,-98.5
676,-92.5
677,-100
678,-83
679,-97
680,-95.5
681,-98.5
682,-90.5
683,-93.5
684,-97
685,-100
686,-97
687,-75.5
688,-82.5
689,-98.5
690,-60
691,-67
692,-100
693,-90.5
694,-100
695,-100
696,-85.5
697,-95
698,-95
699,-56.3
700,-92.7
701,-21.6
702,-78.5
703,-41
704,-84.5
705,-76.5
706,-98.5
707,-100
708,-93.5
709,-75
710,-76.5
711,-92
712,-80.1
713,-48.3
714,-11.2
715,-89.5
716,-51.1
717,-59
718,-69.5
719,-86
720,-84
721,-41
722,-82
723,-51.1
724,4
725,-71.4
726,-73
727,-47.5
728,-68
729,-100
730,-49
731,-75.3
732,-100
733,-97
734,-91.5
735,-93.5
736,-52.5
737,-75.1
738,-66.6
739,-94.5
740,-92
741,-90.5
742,-89
743,6
744,-30.3
745,-81
746,-75
747,-15.5
748,-27.9
749,-27
750,-63.7
751,-71
752,-75.5
753,-67
754,-78.5
755,-77.5
756,-83.5
757,-17.3
758,-18.9
759,-44.4
760,-89.5
761,-83
762,-80.5
763,-98.5
764,-76
765,-8
766,-56
767,-90
768,-83
769,2
770,-14
771,-34
772,-0.7
773,0
774,0
775,-33.7
776,-87
777,-94
778,-88
779,-73.3
780,-77.5
781,-98.5
782,-84
783,-84.5
784,-100
785,-93.5
786,-68.5
787,-59.8
788,-87
789,-95
790,-97
791,-95.5
792,-85
793,-81
794,-86.7
795,-81.5
796,-93.2
797,-100
798,-93.5
799,-39
800,-100
801,-86.5
802,-85.6
803,-95.5
804,-85.5
805,-84
806,-81
807,-76
808,-78
809,-88
810,-97
811,-97
812,-90
813,-93.5
814,-100
815,-100
816,-96.5
817,-96.5
818,-89
819,-81
820,-87.7
821,-93.5
822,-32.5
823,-86
824,-77
825,-82
826,-79.5
827,-21
828,-76.6
829,-98
830,-77.5
831,-91.5
832,-98
833,-101
834,-96.5
835,-96.5
836,-93.2
837,-96
838,-96.5
839,-98
840,-101
841,-85
842,-56.5
843,-85.5
844,-64.6
845,-90
846,-56
847,-76.4
848,-59
849,-88.5
850,-58.4
851,-76
852,-56.1
853,-51.5
854,-26
855,-24.8
856,-70
857,-90
858,-85.6
859,-19.4
860,-40.5
861,-93.5
862,-83.5
863,-35
864,-32
865,-69.5
866,-2.9
867,-80.2
868,-95.5
869,-46.5
870,-21.6
871,-25.1
872,-91.5
873,-58
874,-98
875,-83
876,-70.2
877,-81.5
878,-96.5
879,-91.5
880,-59.5
881,-90
882,-96
883,-22.9
884,-91.5
885,-98
886,-98
887,-74
888,-89.5
889,-84.5
890,-31.2
891,-73.5
892,-88
893,-96.5
894,-92
895,-84.5
896,-16.5
897,-73.5
898,-89.2
899,-101
900,-98
901,-70.2
902,-99.5
903,-83
904,-96
905,-79.5
906,-83
907,-88.5
908,-72.2
909,-65.3
910,-80.5
911,-82
912,-99.5
913,-101
914,-101
915,-93
916,-95.5
917,-97.5
918,-99.5
919,-97.5
920,-86
921,-32.5
922,-74
923,-84.7
924,-98
925,-83.5
926,-82
927,-87.5
928,-96
929,-18
930,-93.5
931,-81.5
932,-84.5
933,-66
934,11
935,-76.7
936,-20.4
937,-68.5
938,-40.4
939,-81.5
940,-88
941,-63.9
942,-101
943,-101
944,-94.5
945,-74
946,-94.5
947,-99.5
948,-96
949,-101
950,-101
951,-52.7
952,-33.9
953,-74
954,-90
955,-83
956,-76.7
957,-40.6
958,-98
959,-96
960,-98
961,-99.5
962,-91
963,-82
964,-91.5
965,-99.5
966,-79.2
967,-82
968,-70.5
969,-63.2
970,-101
971,-91.7
972,-51.1
973,-91.5
974,-96.5
975,-85.5
976,-74
977,-14.1
978,-43
979,-88
980,-101
981,-98
982,-82.5
983,-97.5
984,-101
985,-78.5
986,-79.2
987,-98
988,-75
989,-47
990,-78
991,-97.5
992,-101
993,-74
994,-80.5
995,-87.5
996,-95.5
997,-54.1
998,-99.5
999,-88
1000,-79.4
1001,-98
1002,-90
1003,-101
1004,-92.5
1005,-99.5
1006,-98
1007,-95.5
1008,-97
1009,-91
1010,-72.5
1011,-96
1012,-101
1013,-24.9
1014,-11.705
1015,-0.085
1016,-0.085
1017,-0.085
1018,-0.085
1019,-34.495
1020,-75.5
1021,-99.5
1022,-94.5
1023,-92
1024,-94.5
1025,-93.5
1026,-82.2
1027,-95
1028,-53.8
1029,-96
1030,-101
1031,-63.2
1032,-90.5
1033,-101
1034,-101
1035,-89.5
1036,-92
1037,-99.5
1038,-98
1039,-91
1040,-91
1041,-101
1042,-47.5
1043,-48.5
1044,-30
1045,-25
1046,-73.5
1047,-88.8
1048,-91.5
1049,-87
1050,-99.5
1051,-71
1052,-99.5
1053,-84
1054,-78.5
1055,-83.5
1056,-72.4
1057,-72
1058,-79.5
1059,-4
1060,-85.5
1061,-85.5
1062,-94.5
1063,-96
1064,-93.5
1065,-59.6
1066,-9.5
1067,-73
1068,-76
1069,-87
1070,-75.9
1071,-66.5
1072,-84
1073,-101
1074,24
1075,-85.5
1076,-88.5
1077,-75
1078,-99.5
1079,-91.5
1080,-97.5
1081,-99.5
1082,-25.4
1083,-56
1084,-85.5
1085,-85
1086,-84.5
1087,-77
1088,-78
1089,-84.5
1090,-61.9
1091,-92.5
1092,-64.7
1093,-82.5
1094,-90.5
1095,-101
1096,-99.5
1097,-97.5
1098,-99.5
1099,-99.5
1100,-98
1101,-97.5
1102,-76.5
1103,-70.9
1104,-55
1105,-98
1106,-71.7
1107,-74.5
1108,-39.7
1109,-39.9
1110,-91.5
1111,-101
1112,-99.5
1113,-101
1114,-101
1115,-101
1116,-101
1117,-101
1118,-101
1119,-89
1120,-101
1121,-99.5
1122,-97.5
1123,-99.5
1124,-101
1125,-91.5
1126,-86
1127,-98
1128,-72
1129,-37.5
1130,-24.9
1131,-61
1132,-71.5
1133,-16
1134,-50.5
1135,-70.7
1136,-94.5
1137,-94.5
1138,-87.5
1139,-64.4
1140,-73
1141,-32.5
1142,-89.2
1143,-75.4
1144,-58.2
1145,-93
1146,-70.5
1147,-68.9
1148,-94.5
1149,-18.8
1150,-26.5
1151,-61.7
1152,-91.5
1153,-72.5
1154,-31.7
1155,-43
1156,-38.5
1157,-84.5
1158,-81
1159,-48.5
1160,-36
1161,-64
1162,-94.5
1163,-98
1164,-93
1165,-64.4
1166,-72.5
1167,-60.4
1168,-61.5
1169,-69.5
1170,-60.3
1171,-43
1172,-90.5
1173,-78.4
1174,-87.5
1175,-90.9
1176,-67
1177,-88
1178,-7.5
1179,-61.3
1180,-91
1181,-99.5
1182,-57
1183,-94.5
1184,-78.7
1185,-15.4
1186,-10.5
1187,-50
1188,-96.5
1189,-77.2
1190,-98.5
1191,-90.5
1192,-64.2
1193,-42.8
1194,-61.5
1195,-81.5
1196,-79.9
1197,-71
1198,-86.5
1199,-10.1
1200,22
1201,-83.5
1202,-54.6
1203,-89
1204,-77
1205,-77.5
1206,-84.5
1207,-56.4
1208,-55
1209,-88.5
1210,-84.5
1211,-76.5
1212,-55
1213,-87.5
1214,-77
1215,-101
1216,-73
1217,-74
1218,-90.5
1219,-94.5
1220,-83
1221,-88
1222,-83
1223,-87
1224,-92.5
1225,-101
1226,-101
1227,-101
1228,-53.7
1229,-39.5
1230,-85
1231,-89.5
1232,-89
1233,-61.5
1234,-87
1235,-51.4
1236,-52
1237,-70.4
1238,-23
1239,9
1240,-93
1241,-54.3
1242,-80.7
1243,-78
1244,-47.9
1245,-52
1246,-32.5
1247,-90.5
1248,-98
1249,-101
1250,-91.5
1251,-87.5
1252,-91
1253,-97.5
1254,-98
1255,-90.5
1256,-99.5
1257,-93
1258,-91
1259,-81.5
1260,-88
1261,18
1262,-86.5
1263,-87
1264,-96.5
1265,-99.5
1266,-98
1267,-101
1268,-93
1269,-101
1270,-87.2
1271,-101
1272,-98
1273,-93
1274,-98
1275,-99.5
1276,-99.5
1277,-98
1278,-101
1279,-98
1280,-88
1281,-101
1282,-86
1283,-93.5
1284,-28.7
1285,-55.7
1286,-45
1287,-76
1288,-91
1289,-73.8
1290,-87.5
1291,-80
1292,-72
1293,-88.7
1294,-90.5
1295,-41.3
1296,-93.5
1297,-89
1298,-96.5
1299,-94
1300,-94.5
1301,-86.2
1302,-88
1303,-86.5
1304,-92.5
1305,10
1306,-90
1307,-92.5
1308,-90
1309,-87.5
1310,-6.8
1311,-62.5
1312,-67
1313,-91
1314,-47.2
1315,-59
1316,-96
1317,-90
1318,-101
1319,-101
1320,-84
1321,-96
1322,-92.5
1323,-87.5
1324,-5.1
1325,-91
1326,-98
1327,-101
